sku,productName,category,price,unitsSold,inStock
CE4B43C2,Smartphone,Electronics,65.11,661,true
5D655346,Gift Card,Miscellaneous,92.26,794,true
40FAAE0D,Dried Fruit Mix,Food & Grocery,44.98,678,true
A8C28D07,Wireless Headphones,Electronics,81.93,327,true
AD9A0EA8,Men's Raincoat,Clothing,39.69,708,true
D39AFED1,Dishwasher,Home & Kitchen,43.63,94,true
5F9CB1E0,Treadmill,Sports & Outdoors,73.51,136,true
B45B4777,Cold-Pressed Juice,Food & Grocery,32.07,744,true
EA1FAA6D,Gift Card,Miscellaneous,12.43,913,true
E79AF9CA,Train Set,Toys & Games,3.59,246,true
96EFD6B9,Rollerblades,Sports & Outdoors,96.07,80,false
6460432F,Soccer Ball,Sports & Outdoors,5.22,115,true
BAF28E50,Rollerblades,Sports & Outdoors,45.24,563,true
6BC0007D,Gift Card,Miscellaneous,93.66,937,true
B74AE970,Spirulina Powder,Food & Grocery,70.33,809,true
38BDBF4A,Business Book,Books,14.41,223,false
BDFABCD7,Electric Skillet,Home & Kitchen,84.75,803,true
C82EAEA5,Mystery Novel,Books,68.75,349,true
BECA057F,Coconut Water,Food & Grocery,26.31,666,true
A03792DC,Pumpkin Seeds,Food & Grocery,88.86,570,true
D4A96B2C,Pumpkin Seeds,Food & Grocery,75.53,44,true
78AACCE8,Vacuum Cleaner,Home & Kitchen,55.46,318,true
48CCB5D1,Gift Card,Miscellaneous,67.61,630,true
30037DB8,Hair Dryer,Health & Personal Care,6.70,751,true
0AC36BCE,Slime Making Kit,Toys & Games,81.37,425,true
5C3B0E8D,Classic Literature,Books,67.44,84,false
03B29C3D,Sunscreen Lotion,Health & Personal Care,91.40,12,true
8C94BF80,Exercise Bike,Sports & Outdoors,21.28,781,true
76063D13,Slow Cooker,Home & Kitchen,29.77,217,true
AC441AE6,Electric Toothbrush,Health & Personal Care,75.32,352,true
0E724D93,Romance Novel,Books,37.66,769,true
EFCF5308,Gift Card,Miscellaneous,60.10,86,true
F280B709,External Hard Drive,Electronics,17.59,764,true
4C93E97B,Romance Novel,Books,99.98,111,true
258EA0CF,Electric Razor,Health & Personal Care,22.96,412,true
56782256,Running Shoes,Sports & Outdoors,85.93,837,true
C2979393,Gift Card,Miscellaneous,95.34,799,true
B9D0D040,Gift Card,Miscellaneous,8.72,847,true
57BE0071,Hair Dryer,Health & Personal Care,34.81,554,true
18D63345,Snowboard,Sports & Outdoors,86.95,768,true
7444DED3,Dark Chocolate Bar,Food & Grocery,99.11,545,false
830F32FB,Protein Powder,Health & Personal Care,20.98,640,true
E73B8EA5,Gift Card,Miscellaneous,54.92,998,true
0D717D5C,Milk Frother,Home & Kitchen,84.70,974,true
93ADD058,Hair Dryer,Health & Personal Care,60.92,266,true
3703B451,Health & Wellness Book,Books,79.58,634,true
84DD5642,Kids' Jeans,Clothing,21.25,51,true
4DB82DF2,Gift Card,Miscellaneous,55.27,988,true
99C7D2C8,Romance Novel,Books,55.69,840,false
3824AB06,Men's Raincoat,Clothing,74.53,938,false
8CBF06F0,Almond Milk,Food & Grocery,68.58,985,false
80F693D9,Snowboard,Sports & Outdoors,65.45,915,true
D7151537,Gift Card,Miscellaneous,28.92,744,true
E396E896,Sleep Mask,Health & Personal Care,58.19,540,true
49F9A1B7,Yogurt Maker,Home & Kitchen,83.96,502,true
9B8A4762,Men's Running Shoes,Clothing,96.40,943,true
14BA2F98,Treadmill,Sports & Outdoors,10.54,777,true
73E8C1E0,Gift Card,Miscellaneous,48.56,805,true
281629FA,Thriller Novel,Books,55.16,117,true
BCB6CDA8,Kids' Sneakers,Clothing,59.08,884,true
1AF1BF7C,Electric Razor,Health & Personal Care,52.35,309,true
6DB4D9A0,Smartwatch,Electronics,37.46,532,true
2D5950AA,Dollhouse,Toys & Games,3.24,586,true
5A4218DF,Noise-Cancelling Earbuds,Electronics,15.23,358,false
314A41DC,Matcha Green Tea,Food & Grocery,32.51,763,true
A04C6EB8,Goji Berries,Food & Grocery,8.14,193,true
BA3BFEE8,Electric Razor,Health & Personal Care,30.72,747,true
BB872DBC,Kite,Toys & Games,32.26,75,false
5DF274F5,Exercise Bike,Sports & Outdoors,80.18,46,false
4D04442D,Essential Oil Diffuser,Health & Personal Care,42.34,415,true
194B257B,Electric Griddle,Home & Kitchen,70.55,692,true
807A3C55,Drone,Electronics,10.96,442,true
1DE0E721,Art & Craft Kit,Toys & Games,57.50,437,true
92EFD926,Avocado Oil,Food & Grocery,61.58,880,true
235BFE0C,Electric Wine Opener,Home & Kitchen,42.16,125,true
A3F8AAB6,External Hard Drive,Electronics,63.50,800,true
FAB2E6AA,Gift Card,Miscellaneous,5.22,84,true
0A0BBF3B,Kids' Hat,Clothing,5.71,345,false
F1AC5CA2,Men's Casual Shirt,Clothing,11.52,780,true
83299C5A,Wireless Charger,Electronics,55.89,396,false
9E2BF2F0,Smartphone,Electronics,54.02,523,true
DD4E4052,Fitness Tracker,Electronics,93.53,584,true
803856AA,Gift Card,Miscellaneous,88.62,499,true
E7992239,Gift Card,Miscellaneous,42.90,880,true
1B5D48ED,Tennis Racket,Sports & Outdoors,88.45,872,true
80AA8862,Water Purifier,Home & Kitchen,96.75,323,true
CB90EC76,Water Purifier,Home & Kitchen,9.81,796,true
3D396FCF,Ice Cream Maker,Home & Kitchen,24.79,977,true
58A0FDA6,Wireless Headphones,Electronics,23.67,354,true
EB94933E,Men's Leather Jacket,Clothing,55.99,771,true
6890BD55,Drone,Electronics,61.36,213,true
A13AF5C2,Lip Balm Set,Health & Personal Care,14.88,578,true
075C4BCE,Gaming Console,Electronics,95.24,60,true
B1025AB7,Gift Card,Miscellaneous,29.11,738,true
B202407A,Maca Root Powder,Food & Grocery,65.89,980,true
3FBA8AEC,Stuffed Animal,Toys & Games,57.61,311,true
596A0F3C,Science Book,Books,70.44,369,false
71EA6E38,Hair Straightener,Health & Personal Care,3.39,754,true
60C1203A,Bluetooth Speaker,Electronics,93.32,516,true
801ED9A1,Noise-Cancelling Earbuds,Electronics,85.44,809,true
26B41F78,Gift Card,Miscellaneous,62.91,105,true
11B51CD9,Gift Card,Miscellaneous,35.05,67,true
E6CF6C26,Dark Chocolate Bar,Food & Grocery,84.20,526,false
8D263617,Vitamin C Supplement,Health & Personal Care,52.99,289,true
8E77C5D5,Skateboard,Sports & Outdoors,20.36,558,true
0DAA889E,Electric Skillet,Home & Kitchen,61.65,206,true
F9603D0B,Foam Roller,Health & Personal Care,87.45,143,true
EA751387,Smartwatch,Electronics,29.73,239,true
49A9F2FB,Camping Tent,Sports & Outdoors,93.38,752,true
89205C58,Organic Almonds,Food & Grocery,13.25,313,false
4DC6756E,Waffle Maker,Home & Kitchen,86.46,847,false
1A1D02D6,Essential Oil Diffuser,Health & Personal Care,39.90,630,true
35669B63,Electric Griddle,Home & Kitchen,27.67,555,true
CBCFA85E,Gift Card,Miscellaneous,77.86,785,false
799AD8BA,Electric Kettle,Home & Kitchen,18.86,317,true
105991F3,Kite,Toys & Games,45.20,4,false
5F34529D,Gift Card,Miscellaneous,32.20,162,true
6234CF41,Running Shoes,Sports & Outdoors,32.72,895,false
22A514C8,Smartwatch,Electronics,49.13,303,true
E3F68E1E,Graphic Novel,Books,45.62,972,true
DCD84D44,Smartwatch,Electronics,9.28,230,false
52074301,Outdoor Playset,Toys & Games,11.57,418,false
C9E16FB2,Hiking Backpack,Sports & Outdoors,40.97,205,true
31D4009A,Vegan Protein Bars,Food & Grocery,75.34,844,true
C4C34B88,Classic Literature,Books,59.45,153,true
41B5946C,Facial Mask Set,Health & Personal Care,61.37,417,false
B62C77A1,Bee Pollen,Food & Grocery,79.96,883,true
846B7569,Stainless Steel Cookware Set,Home & Kitchen,65.99,703,true
402EBBDA,Acai Powder,Food & Grocery,88.61,651,true
34CA057C,Women's Summer Dress,Clothing,71.46,801,true
A7D98973,Dollhouse,Toys & Games,89.65,708,true
270E33A7,E-Reader,Electronics,69.88,117,true
DF265EF5,Children's Book,Books,18.63,1000,true
32F766CE,Yo-Yo,Toys & Games,83.79,335,true
FA84DB2A,Gift Card,Miscellaneous,52.00,239,true
C01FEBA2,Tennis Racket,Sports & Outdoors,2.24,522,false
88970A81,Golf Clubs,Sports & Outdoors,56.18,970,true
16444AFE,Travel Guide,Books,8.69,509,false
F1B95290,Shampoo & Conditioner,Health & Personal Care,24.90,447,true
7473A094,Hemp Seeds,Food & Grocery,62.34,903,true
5E0CE756,Gift Card,Miscellaneous,98.93,231,true
6B5AA0B6,Men's Formal Suit,Clothing,50.38,266,true
E70D5E6C,Golf Clubs,Sports & Outdoors,9.40,206,true
D868E719,Shampoo & Conditioner,Health & Personal Care,2.13,844,true
F37878AF,Gift Card,Miscellaneous,56.40,25,true
F6022F7F,Business Book,Books,95.45,763,true
90121BF9,Yo-Yo,Toys & Games,21.21,485,false
A1FD5828,Educational Toy,Toys & Games,23.04,403,true
28BEDFD1,Electric Razor,Health & Personal Care,45.82,729,true
900334AF,Gift Card,Miscellaneous,92.66,664,true
90F1E2EF,Smartphone,Electronics,37.22,293,true
809E19EE,Gift Card,Miscellaneous,26.86,532,true
0BCDE902,Digital Camera,Electronics,80.29,801,true
50CF8729,4K TV,Electronics,68.69,588,true
4FCE72AB,Snowboard,Sports & Outdoors,74.81,290,true
CB9397BD,Hand Sanitizer,Health & Personal Care,86.33,545,true
563B7708,Snowboard,Sports & Outdoors,6.57,588,true
085D26F4,Yogurt Maker,Home & Kitchen,62.65,399,true
3E395DD9,Yoga Blocks,Health & Personal Care,41.16,395,true
61379468,Massage Gun,Health & Personal Care,38.58,824,true
71ADEE7C,Women's Summer Dress,Clothing,36.06,435,true
B0B3991D,Electric Toothbrush,Health & Personal Care,90.74,443,true
8C48D854,Gift Card,Miscellaneous,65.24,704,true
C1579A6B,Food Processor,Home & Kitchen,49.69,726,true
1A5BAA91,Kids' Sneakers,Clothing,98.91,625,true
4DA14E13,Young Adult Novel,Books,90.35,542,true
FEFD0924,Shampoo & Conditioner,Health & Personal Care,36.67,623,true
DDD816CC,Exercise Bike,Sports & Outdoors,76.59,231,true
DA0D1798,Unisex Hoodie,Clothing,61.55,778,true
DBD68BE7,Kids' Sneakers,Clothing,89.60,631,true
DEA98101,Exercise Bike,Sports & Outdoors,15.97,523,true
979463C0,Running Shoes,Sports & Outdoors,89.08,156,true
6FA036D7,Remote Control Car,Toys & Games,81.09,930,true
E8CDBCD1,Herbal Tea Pack,Food & Grocery,68.10,795,true
8C0E53A9,Ice Cream Maker,Home & Kitchen,93.84,250,true
59014388,Smartwatch,Electronics,31.41,273,true
A9F393BC,Skateboard,Sports & Outdoors,77.55,276,false
4A801758,Gaming Console,Electronics,61.01,706,true
7B6066D1,Water Gun,Toys & Games,39.71,403,false
0CE55F45,Gift Card,Miscellaneous,59.52,933,true
5CA7C62C,Organic Almonds,Food & Grocery,21.24,604,true
6EF6D2A3,Slime Making Kit,Toys & Games,41.53,602,true
EC1AA2E3,Whole Grain Pasta,Food & Grocery,41.90,280,true
C30A2751,Digital Camera,Electronics,65.40,460,true
F103BD18,Stainless Steel Cookware Set,Home & Kitchen,94.94,321,true
4ABF8FFC,Outdoor Playset,Toys & Games,47.96,171,true
B32D42FA,Electric Kettle,Home & Kitchen,71.38,799,true
DBEDE212,Kayak,Sports & Outdoors,95.02,452,false
5B176FCC,Photography Book,Books,47.72,230,true
AC27769E,Skateboard,Sports & Outdoors,69.01,95,false
DA2F7E5B,Smartphone,Electronics,23.56,661,true
C587B425,Body Lotion,Health & Personal Care,79.36,929,true
30189686,Educational Toy,Toys & Games,76.82,133,true
9982286F,Lip Balm Set,Health & Personal Care,2.91,126,true
EA96F830,Wireless Charger,Electronics,80.64,260,true
06D7D341,Yoga Blocks,Health & Personal Care,61.84,671,true
A631626E,Herbal Tea Pack,Food & Grocery,58.19,620,true
876D96D4,Smartphone,Electronics,85.19,323,true
63EA7DF1,Wireless Charger,Electronics,11.92,985,true
5A53C513,Gift Card,Miscellaneous,8.42,620,true
2D687793,Wireless Charger,Electronics,82.04,450,true
5498DC9A,Electric Griddle,Home & Kitchen,57.23,609,true
F688ECEC,Organic Honey,Food & Grocery,81.10,382,true
E2E8654F,Water Gun,Toys & Games,25.61,373,true
09480E82,Finger Paint Set,Toys & Games,91.95,760,true
0148739F,Kids' T-Shirt,Clothing,78.12,202,false
A4BE2382,Women's Winter Jacket,Clothing,3.73,941,true
BADEADB8,Women's Sneakers,Clothing,47.95,127,true
FDB3D03F,Art & Craft Kit,Toys & Games,77.73,856,true
3D1278C6,Almond Milk,Food & Grocery,35.43,80,true
6A905373,Quinoa Pack,Food & Grocery,60.07,511,true
E3DACA19,Toaster,Home & Kitchen,23.31,812,true
F73BAF32,Electric Griddle,Home & Kitchen,31.69,416,false
8E619AA8,Smartwatch,Electronics,27.55,465,true
B3D3DA48,Gift Card,Miscellaneous,92.83,256,true
A7CA43E3,Digital Camera,Electronics,67.13,299,true
F208F845,Play-Doh Set,Toys & Games,61.25,335,true
3CCD9801,Stuffed Animal,Toys & Games,34.22,317,true
4978C8DE,Women's Winter Jacket,Clothing,29.03,948,true
C784D790,Women's Handbag,Clothing,35.32,522,true
DA8BBDFA,Smart Home Hub,Electronics,87.65,417,true
2082A06E,External Hard Drive,Electronics,42.97,558,false
7B68CD9F,Gift Card,Miscellaneous,58.85,104,true
67D4D418,Protein Powder,Health & Personal Care,95.34,286,true
6195F6DE,Stuffed Animal,Toys & Games,32.90,29,true
0E1911FB,Noise-Cancelling Earbuds,Electronics,72.15,471,true
3668C750,Gift Card,Miscellaneous,87.32,525,true
F2814257,Fitness Tracker,Electronics,74.50,151,true
A0689B29,Puzzle Game,Toys & Games,86.96,906,true
6165E809,Children's Book,Books,34.76,407,true
1B0AC5EE,Dark Chocolate Bar,Food & Grocery,38.68,496,true
3A06E667,Tablet,Electronics,41.06,896,true
065C3274,Video Game,Toys & Games,45.73,750,true
3905E4E3,Snowboard,Sports & Outdoors,17.79,233,true
EDB981ED,Gift Card,Miscellaneous,77.80,422,true
84E77C6D,Matcha Green Tea,Food & Grocery,17.16,479,true
E9EA19BF,Stainless Steel Cookware Set,Home & Kitchen,73.34,415,true
31BF77AD,Puzzle Game,Toys & Games,67.10,811,true
9F394357,Fitness Tracker,Electronics,13.16,858,false
C2A0F681,Natural Peanut Butter,Food & Grocery,84.16,28,false
6C85F62B,Dark Chocolate Bar,Food & Grocery,62.76,558,true
9936ACF9,Spirulina Powder,Food & Grocery,74.31,714,true
0006D051,Smartwatch,Electronics,45.52,461,true
E122FDAF,Dishwasher,Home & Kitchen,90.45,175,true
D573E378,Digital Camera,Electronics,55.22,682,true
580F6F76,Electric Toothbrush,Health & Personal Care,9.57,988,true
3C0B38B1,Travel Guide,Books,20.91,270,false
289096D4,Dumbbell Set,Sports & Outdoors,17.62,925,true
45956A0E,Science Book,Books,86.95,123,true
AD09F2CA,Food Processor,Home & Kitchen,68.30,981,true
0189C73F,Gift Card,Miscellaneous,29.95,377,true
8B4461D0,Foam Roller,Health & Personal Care,80.89,681,true
EFC8F905,Young Adult Novel,Books,36.04,552,true
14CEEA56,Romance Novel,Books,55.15,124,true
8019C56E,Graphic Novel,Books,35.79,913,true
D43C0CFF,Magic Kit,Toys & Games,78.88,993,false
EF6631D9,Cold-Pressed Juice,Food & Grocery,80.55,699,false
E84F5F57,Cycling Helmet,Sports & Outdoors,13.53,368,false
4B8E1974,Lip Balm Set,Health & Personal Care,80.22,137,true
72F8B867,Men's Casual Shirt,Clothing,20.08,167,true
5B6CF83A,Cookbook,Books,78.66,427,true
8D3E0105,Electric Kettle,Home & Kitchen,26.68,813,true
8968898B,Matcha Green Tea,Food & Grocery,87.88,822,false
E9684703,Food Dehydrator,Home & Kitchen,86.89,345,true
2A05EDB4,Gift Card,Miscellaneous,52.16,455,true
6DE2622E,Gaming Console,Electronics,7.96,230,true
D40BC085,Gluten-Free Bread,Food & Grocery,9.95,459,true
581C6F79,Health & Wellness Book,Books,31.93,209,false
4969E047,Drone,Electronics,40.36,110,true
BA3C9D50,Gift Card,Miscellaneous,24.87,926,true
D1B9C426,Boxing Gloves,Sports & Outdoors,31.81,752,true
BE37C1D0,Organic Almonds,Food & Grocery,53.86,341,true
DBFC27E8,Gift Card,Miscellaneous,17.86,967,true
7592A626,Dark Chocolate Bar,Food & Grocery,12.69,291,true
4927E69C,Self-Improvement Book,Books,93.27,487,false
61D73604,Soccer Ball,Sports & Outdoors,11.35,147,true
F1B5D303,Digital Camera,Electronics,91.65,681,true
B661A6CE,Smart Home Hub,Electronics,80.46,922,false
CB040491,Swim Goggles,Sports & Outdoors,42.78,797,true
68C25E6C,Men's Raincoat,Clothing,36.70,985,true
F7084EB4,Vacuum Cleaner,Home & Kitchen,33.49,964,false
BA11FAEA,External Hard Drive,Electronics,8.02,17,false
4DB3C79F,Matcha Green Tea,Food & Grocery,25.53,146,true
746DFBCE,Essential Oil Diffuser,Health & Personal Care,76.02,293,true
C5163AEC,Bee Pollen,Food & Grocery,17.83,953,true
6958CCF2,Protein Powder,Health & Personal Care,27.37,916,true
7DFE66A5,Wireless Charger,Electronics,71.06,587,false
76C3FEB4,Fishing Rod,Sports & Outdoors,44.50,199,true
F40CBDBB,Science Fiction Book,Books,38.66,779,true
D44B6C37,Building Blocks Set,Toys & Games,91.23,281,true
D0A86C0A,Wireless Headphones,Electronics,99.11,754,true
30F5B4DB,Sunscreen Lotion,Health & Personal Care,70.21,200,true
65DA3BC8,Yogurt Maker,Home & Kitchen,17.16,747,false
A7C54F9E,Kids' Hat,Clothing,95.86,703,true
D5F054DC,Pressure Cooker,Home & Kitchen,92.67,835,true
D0E3C14F,Rollerblades,Sports & Outdoors,65.30,571,true
6926352E,Waffle Maker,Home & Kitchen,52.29,953,true
B9834DEC,Rollerblades,Sports & Outdoors,34.13,583,true
619F6221,Chia Seeds,Food & Grocery,2.67,792,true
315C9E1D,Women's Winter Jacket,Clothing,74.25,422,true
94C14CBF,Educational Toy,Toys & Games,62.88,858,true
379D3D72,Body Lotion,Health & Personal Care,82.61,228,true
B6D7DA3A,Art Book,Books,62.25,49,true
E32DFEE5,Gift Card,Miscellaneous,48.27,104,true
162C6EAC,Women's Summer Dress,Clothing,78.24,215,true
4CD648CD,Juicer,Home & Kitchen,100.69,568,true
95089E7F,Men's Leather Jacket,Clothing,74.13,37,true
ECDC3725,Bread Maker,Home & Kitchen,1.89,48,false
E89753B3,Smartwatch,Electronics,61.47,823,false
A54F75F0,Cacao Nibs,Food & Grocery,69.46,770,true
4A126836,Swim Goggles,Sports & Outdoors,74.48,791,true
B96C5D58,Facial Cleanser,Health & Personal Care,72.16,897,true
A44130E7,Noise-Cancelling Earbuds,Electronics,44.70,968,false
56BE7697,Kids' Sneakers,Clothing,89.09,950,true
FD2BC303,Thriller Novel,Books,26.61,865,false
5F63D806,Avocado Oil,Food & Grocery,4.48,752,true
E5D2D468,Basketball,Sports & Outdoors,25.25,193,true
CA80A8B7,Rollerblades,Sports & Outdoors,28.65,257,true
5B1D6E5E,Musical Instrument Toy,Toys & Games,33.32,278,true
D0539E06,Gift Card,Miscellaneous,80.64,338,true
2AA70031,Men's Raincoat,Clothing,3.62,94,true
4741C497,Gift Card,Miscellaneous,94.31,985,true
C09A4327,Gift Card,Miscellaneous,64.03,714,true
D6A8254A,Science Book,Books,100.12,927,true
CF4279C2,Gift Card,Miscellaneous,80.09,159,false
770D976B,Rollerblades,Sports & Outdoors,88.88,713,true
0D9D6D7B,Natural Peanut Butter,Food & Grocery,79.93,814,false
31BB3E52,Boxing Gloves,Sports & Outdoors,31.71,910,true
9A834B1F,Cycling Helmet,Sports & Outdoors,79.41,803,false
039FA255,Travel Guide,Books,1.69,43,false
CD846DE2,Electric Toothbrush,Health & Personal Care,70.40,733,true
AB2CB5B3,Electric Skillet,Home & Kitchen,64.47,478,true
D07428B6,Lip Balm Set,Health & Personal Care,92.99,396,true
D78CAFBD,Drone,Electronics,73.73,842,true
9EEAC4EC,Hair Dryer,Health & Personal Care,37.02,957,true
D70C6783,Drone,Electronics,51.51,260,true
077EACC7,Action Figure,Toys & Games,21.30,982,false
CE1A1C99,Wireless Charger,Electronics,10.79,674,true
6CC9F8C6,Wireless Headphones,Electronics,9.64,293,true
E2354B87,Camping Tent,Sports & Outdoors,66.96,743,true
068A1529,Yo-Yo,Toys & Games,12.81,527,true
84CF4A21,Bread Maker,Home & Kitchen,59.54,677,false
15ACA72D,Kombucha Drink,Food & Grocery,82.87,502,true
7D326295,Gift Card,Miscellaneous,90.08,782,true
0F6F94A9,Facial Cleanser,Health & Personal Care,34.69,606,true
2EDF2C37,Science Fiction Book,Books,54.58,495,true
C43C7FF7,Granola Cereal,Food & Grocery,45.88,621,true
4EAD2672,Avocado Oil,Food & Grocery,22.31,452,true
0F9F3CD8,Fantasy Novel,Books,42.20,141,true
66429D89,External Hard Drive,Electronics,1.34,624,true
045081BE,Slime Making Kit,Toys & Games,24.69,917,false
EFECAFF9,Yoga Mat,Sports & Outdoors,92.34,429,true
07095EB8,Electric Wine Opener,Home & Kitchen,73.09,781,true
442B852B,Vitamin C Supplement,Health & Personal Care,70.68,742,true
7E33E2F2,Vitamin C Supplement,Health & Personal Care,39.21,864,false
2AC84B54,Gift Card,Miscellaneous,23.92,751,true
9BB25647,Turmeric Powder,Food & Grocery,49.94,469,true
5CC59535,Cycling Helmet,Sports & Outdoors,35.38,17,true
916E3B0C,Waffle Maker,Home & Kitchen,54.86,86,true
D06DC9C5,Maca Root Powder,Food & Grocery,17.49,507,true
7FDC51C6,Dark Chocolate Bar,Food & Grocery,59.24,38,true
1F38219B,Exercise Bike,Sports & Outdoors,38.35,808,true
A9A47C19,Spirulina Powder,Food & Grocery,29.48,921,true
B7932DA0,Young Adult Novel,Books,19.37,308,true
3629C9AE,Golf Clubs,Sports & Outdoors,70.93,93,true
862EBBFB,Women's Winter Jacket,Clothing,27.13,269,true
0188B631,Cacao Nibs,Food & Grocery,24.53,223,true
FA1E5FE0,Gift Card,Miscellaneous,16.85,558,true
3EFC726E,Gift Card,Miscellaneous,3.84,742,true
B5B88BE1,Kids' T-Shirt,Clothing,16.30,919,true
E8697A88,Women's Winter Jacket,Clothing,25.54,920,true
C72D3B63,Men's Leather Jacket,Clothing,65.39,881,true
7D61DADC,Skateboard,Sports & Outdoors,68.77,532,true
DEFA1430,Kids' Hat,Clothing,8.23,866,false
7CE5EDE3,Spirulina Powder,Food & Grocery,53.61,766,true
4884CCCE,Foam Roller,Health & Personal Care,64.08,819,true
2AB93C8F,Facial Mask Set,Health & Personal Care,19.88,880,true
C122C254,Women's Handbag,Clothing,30.83,751,false
3891ADA4,Kombucha Drink,Food & Grocery,76.28,857,true
9EDF5157,Swim Goggles,Sports & Outdoors,88.33,771,false
2B8869AA,Smartwatch,Electronics,91.82,675,true
FBB787B3,Bee Pollen,Food & Grocery,24.63,302,true
65A16BEA,Finger Paint Set,Toys & Games,54.14,367,true
3DBD5623,Kayak,Sports & Outdoors,81.79,375,true
73EF4AF5,Sunflower Seeds,Food & Grocery,41.49,325,true
F24C9526,Pumpkin Seeds,Food & Grocery,97.12,848,true
B13D824D,Women's Sneakers,Clothing,15.68,969,true
A0C3F1A8,4K TV,Electronics,48.26,251,true
0871A8D4,Gift Card,Miscellaneous,60.75,465,true
5CF4C1E9,4K TV,Electronics,70.67,991,true
F38BDA52,Men's Raincoat,Clothing,28.11,510,true
96072BE3,Gift Card,Miscellaneous,3.30,408,true
35ACAD46,Sunscreen Lotion,Health & Personal Care,24.48,94,true
65681E54,Water Gun,Toys & Games,77.08,372,true
B993DF14,Gift Card,Miscellaneous,9.80,151,true
4ECAD937,Cookbook,Books,77.30,465,true
80418890,Stand Mixer,Home & Kitchen,98.51,225,true
2B9877B4,Puzzle Game,Toys & Games,73.97,94,true
FBDA0A8A,Toaster,Home & Kitchen,74.40,187,true
7F69541C,Chia Seeds,Food & Grocery,5.25,463,true
F7343850,Hair Straightener,Health & Personal Care,64.09,728,true
875E62BE,Cold-Pressed Juice,Food & Grocery,6.08,465,true
98F8686A,Treadmill,Sports & Outdoors,6.31,824,true
25E3784F,Men's Raincoat,Clothing,38.12,816,true
22B268F8,Camping Tent,Sports & Outdoors,41.62,533,true
BE69A7A7,Gift Card,Miscellaneous,95.37,343,true
1D3F56F1,Almond Milk,Food & Grocery,72.27,235,false
322E70E7,Fitness Tracker,Electronics,53.11,782,true
D590B992,Finger Paint Set,Toys & Games,83.45,454,true
28CE3C60,Matcha Green Tea,Food & Grocery,54.52,587,true
45B3B71B,Electric Can Opener,Home & Kitchen,55.90,776,false
B8B3E783,Waffle Maker,Home & Kitchen,22.98,542,true
8B867368,Gift Card,Miscellaneous,36.89,258,true
CCCF5FC1,Rice Cooker,Home & Kitchen,10.75,913,true
22936BC5,Ice Cream Maker,Home & Kitchen,14.37,291,false
D6DA8CD8,Kayak,Sports & Outdoors,84.13,432,true
C9C0D57E,Drone,Electronics,71.72,777,false
7D704D83,Slow Cooker,Home & Kitchen,100.07,762,false
18E71FC9,Women's Winter Jacket,Clothing,79.74,428,true
C71527CA,Tennis Racket,Sports & Outdoors,69.26,162,true
467D0420,Facial Mask Set,Health & Personal Care,70.51,267,true
E0EB411F,Gaming Console,Electronics,33.12,282,false
5F358FC5,Avocado Oil,Food & Grocery,42.52,579,false
7B283044,Finger Paint Set,Toys & Games,21.98,91,true
C2E2B984,Bluetooth Speaker,Electronics,65.08,157,false
C4746C44,Almond Milk,Food & Grocery,19.63,594,true
77F1BDEB,Women's Handbag,Clothing,60.63,773,true
C1C36C2A,Self-Improvement Book,Books,6.80,603,true
3EED564E,Sous Vide Cooker,Home & Kitchen,11.53,512,true
DFC283CE,Sunflower Seeds,Food & Grocery,69.27,937,true
6D605E07,Stuffed Animal,Toys & Games,59.15,10,true
448CC2E4,Vacuum Cleaner,Home & Kitchen,43.19,419,false
D24FD2E8,Blender,Home & Kitchen,90.37,460,true
345F78B8,Outdoor Playset,Toys & Games,3.18,436,false
BAD73461,Gift Card,Miscellaneous,67.69,376,false
836C380B,Noise-Cancelling Earbuds,Electronics,62.10,37,true
5D540732,Dried Fruit Mix,Food & Grocery,17.45,476,false
84A77A26,Popcorn Maker,Home & Kitchen,32.37,818,true
491FDFBA,Vegan Protein Bars,Food & Grocery,91.82,581,true
9D33F122,Kids' T-Shirt,Clothing,3.73,294,false
7653B980,Train Set,Toys & Games,99.40,71,true
C02EC6D0,Fishing Rod,Sports & Outdoors,26.56,234,false
65B813D0,Food Processor,Home & Kitchen,57.62,226,true
85D57B1E,Photography Book,Books,14.50,651,false
3BEFD954,Massage Gun,Health & Personal Care,79.23,644,true
ADC063A4,Photography Book,Books,57.35,117,true
891FE905,Treadmill,Sports & Outdoors,24.93,619,true
0CD81464,Microwave Oven,Home & Kitchen,76.88,970,false
E6EA34AA,Gift Card,Miscellaneous,63.15,241,false
42C7D4BC,Puzzle Game,Toys & Games,71.75,168,true
AEF147EA,Building Blocks Set,Toys & Games,29.71,111,false
7C786567,Classic Literature,Books,40.87,349,true
D5FE7BCE,Spirulina Powder,Food & Grocery,74.63,430,true
C4849E62,Noise-Cancelling Earbuds,Electronics,100.96,110,true
229E4C82,Stuffed Animal,Toys & Games,92.83,438,true
40B68730,Kids' T-Shirt,Clothing,94.01,815,true
8A186E5F,Play-Doh Set,Toys & Games,84.38,188,true
55A3A9CA,Women's Winter Jacket,Clothing,100.58,616,false
93C98C5C,Gift Card,Miscellaneous,93.83,928,true
DFC71CB2,Kayak,Sports & Outdoors,20.17,765,false
13BE03BB,Cacao Nibs,Food & Grocery,79.12,696,true
DE96C196,Kids' Sneakers,Clothing,70.62,653,true
398B2666,Microwave Oven,Home & Kitchen,52.31,720,true
B184F3FF,Remote Control Car,Toys & Games,76.62,639,true
D0D23EC9,Popcorn Maker,Home & Kitchen,1.78,915,true
ECAF6C1E,Noise-Cancelling Earbuds,Electronics,93.38,822,true
251D670C,Magic Kit,Toys & Games,81.37,655,true
97729049,Jump Rope,Sports & Outdoors,8.83,166,true
E7524AAD,Wireless Headphones,Electronics,44.85,945,true
CE2E3D2A,Kids' Sneakers,Clothing,71.59,197,true
B6426BFA,Romance Novel,Books,57.92,646,true
B13FB5AF,Women's Winter Jacket,Clothing,28.37,622,true
4E421022,Poetry Collection,Books,57.34,916,false
1017F89C,Remote Control Car,Toys & Games,38.83,442,true
572718FD,Musical Instrument Toy,Toys & Games,51.81,765,false
011EC775,Travel Guide,Books,21.98,177,true
7C498902,Unisex Hoodie,Clothing,93.09,550,true
93369F4E,Stand Mixer,Home & Kitchen,69.77,957,true
39D3E577,Hair Dryer,Health & Personal Care,40.20,649,true
C0F785B9,Popcorn Maker,Home & Kitchen,20.54,591,false
13E08E60,Herbal Tea Pack,Food & Grocery,34.57,667,false
51A6CAB7,Self-Improvement Book,Books,79.32,91,true
590C0C8E,Magic Kit,Toys & Games,62.94,718,true
AE675737,Organic Honey,Food & Grocery,67.70,490,true
ED69396E,Nail Care Kit,Health & Personal Care,7.48,774,false
A16105FD,Business Book,Books,37.51,927,true
8DE937F7,Snowboard,Sports & Outdoors,57.58,182,false
AD3B5D58,Running Shoes,Sports & Outdoors,67.87,100,true
CE365DF1,Natural Peanut Butter,Food & Grocery,44.37,406,false
9840A710,Romance Novel,Books,5.00,26,true
045B504A,Men's Casual Shirt,Clothing,79.00,305,true
76DB9461,Gift Card,Miscellaneous,34.40,122,true
53A2DFB2,Finger Paint Set,Toys & Games,37.57,479,true
D93E093C,Electric Toothbrush,Health & Personal Care,8.97,714,true
58726502,Spirulina Powder,Food & Grocery,28.79,964,false
0FFC5D84,Smartwatch,Electronics,71.61,450,true
E6BF0D79,Sunflower Seeds,Food & Grocery,90.64,858,true
9BA2CC84,Science Book,Books,93.30,21,true
2DBC2CF9,Water Gun,Toys & Games,63.80,854,true
270D3B98,Art & Craft Kit,Toys & Games,22.62,992,true
C6938685,Yogurt Maker,Home & Kitchen,38.26,144,true
1A5CA73D,Gift Card,Miscellaneous,89.69,344,true
8872747C,Yoga Blocks,Health & Personal Care,15.84,263,false
CBB9AB11,Bread Maker,Home & Kitchen,79.50,644,true
FF7DC34E,Men's Running Shoes,Clothing,74.63,529,true
8BFBA03B,Stand Mixer,Home & Kitchen,74.77,477,false
F3062EBC,Deep Fryer,Home & Kitchen,69.68,421,true
B906D6BE,Travel Guide,Books,88.01,500,true
48C7C6A4,Bee Pollen,Food & Grocery,24.38,401,true
FFB4BCBC,Hair Dryer,Health & Personal Care,28.87,555,true
BDF5CAD2,Wireless Charger,Electronics,93.34,260,true
0B876670,Hand Sanitizer,Health & Personal Care,60.18,394,true
BCA3AB6E,Board Game,Toys & Games,95.21,670,true
4D0C3728,Bluetooth Speaker,Electronics,38.62,752,false
541F927A,Dishwasher,Home & Kitchen,77.22,786,true
ED827231,Avocado Oil,Food & Grocery,92.21,134,false
0F11890D,Air Fryer,Home & Kitchen,26.62,830,true
17FFD4BA,Romance Novel,Books,34.99,921,false
BD559031,Smart Home Hub,Electronics,10.50,562,true
90380184,Outdoor Playset,Toys & Games,13.05,564,true
4B267499,Fitness Tracker,Electronics,23.45,549,true
2428835C,Pressure Cooker,Home & Kitchen,9.44,30,true
2B85CC82,Stand Mixer,Home & Kitchen,27.76,418,false
894366FE,Gift Card,Miscellaneous,61.66,72,true
8B597933,Avocado Oil,Food & Grocery,51.12,23,true
A3AF950C,Boxing Gloves,Sports & Outdoors,74.90,649,true
309CE0F5,Men's Running Shoes,Clothing,55.89,175,true
555F1BA3,Women's Sneakers,Clothing,32.44,331,true
57475CF8,Health & Wellness Book,Books,73.52,233,false
DF68D764,Gift Card,Miscellaneous,9.46,51,true
A9BF21AB,Self-Improvement Book,Books,100.53,935,true
B83B18D9,Shampoo & Conditioner,Health & Personal Care,21.14,905,true
A0EA7372,Gift Card,Miscellaneous,43.76,655,true
86F0A290,Tablet,Electronics,44.49,616,false
FB484E96,Cookbook,Books,53.77,598,false
85A987FE,Stainless Steel Cookware Set,Home & Kitchen,54.54,164,false
C102FE73,Water Gun,Toys & Games,2.70,183,true
1B1CAAD1,Finger Paint Set,Toys & Games,62.31,364,true
FBB6EFBF,Gift Card,Miscellaneous,29.45,303,true
65FFA6C5,Gift Card,Miscellaneous,17.37,759,false
107F8636,Gift Card,Miscellaneous,50.73,389,true
5FA47AD0,Women's Scarf,Clothing,48.90,498,true
FE82B4B1,Gift Card,Miscellaneous,64.03,893,true
6A2F2891,Self-Improvement Book,Books,94.64,77,true
28CFDFFD,Boxing Gloves,Sports & Outdoors,92.22,412,false
3473037D,Vitamin C Supplement,Health & Personal Care,94.00,895,false
C2A8AB8B,Organic Honey,Food & Grocery,38.92,68,true
C65470FD,Kids' Sneakers,Clothing,14.30,82,false
ECA61739,Quinoa Pack,Food & Grocery,8.43,934,true
153B70B8,Men's Casual Shirt,Clothing,59.62,920,false
94EE8C2F,Turmeric Powder,Food & Grocery,78.18,431,true
4F31651B,Remote Control Car,Toys & Games,89.19,844,true
1D823C6B,Sunflower Seeds,Food & Grocery,77.22,705,true
9D21C688,Juicer,Home & Kitchen,54.80,216,true
FAA23B99,Bath Bombs Set,Health & Personal Care,3.21,188,true
0C1F20E2,Bluetooth Speaker,Electronics,37.57,210,true
A13DF008,Blender,Home & Kitchen,40.25,205,false
6E7D0C2D,Gift Card,Miscellaneous,3.04,395,true
9B031FA9,Cookbook,Books,89.33,453,false
85452376,Graphic Novel,Books,63.58,598,true
0A8881D4,Finger Paint Set,Toys & Games,58.27,674,true
A0B16675,Gift Card,Miscellaneous,74.44,734,true
36C9B5C2,Nutritional Yeast,Food & Grocery,32.67,553,false
A3ABEC5B,Organic Almonds,Food & Grocery,6.25,822,true
A95AB047,Turmeric Powder,Food & Grocery,32.70,437,true
557BDF08,Mystery Novel,Books,62.74,982,true
2E2CCA75,4K TV,Electronics,36.13,7,true
E7B00C1C,Basketball,Sports & Outdoors,36.48,740,true
46331F37,Outdoor Playset,Toys & Games,99.01,945,true
3AE06C91,Kids' T-Shirt,Clothing,90.72,382,false
D1718863,Acai Powder,Food & Grocery,26.96,808,true
CF92D21E,Tennis Racket,Sports & Outdoors,85.20,686,true
EE70D9A4,Women's Scarf,Clothing,45.45,350,true
F2119947,Board Game,Toys & Games,82.23,597,true
B6B10608,Electric Wine Opener,Home & Kitchen,74.04,893,true
F22D1E9D,Gift Card,Miscellaneous,84.06,769,true
E0021DD6,Gift Card,Miscellaneous,66.37,296,true
D5354E18,Kids' Jeans,Clothing,22.50,435,true
38B1C5F1,Skateboard,Sports & Outdoors,4.38,157,true
6BFDDD07,Cycling Helmet,Sports & Outdoors,20.70,380,true
5F84A480,Hiking Backpack,Sports & Outdoors,35.57,898,false
4761ABC9,Dried Fruit Mix,Food & Grocery,32.43,314,true
299BC072,Gift Card,Miscellaneous,54.20,911,true
C266B3A8,Facial Mask Set,Health & Personal Care,64.07,526,true
14964E9B,Pumpkin Seeds,Food & Grocery,15.01,211,true
7F3E58A9,Quinoa Pack,Food & Grocery,6.22,220,true
5F0C82AE,Golf Clubs,Sports & Outdoors,75.54,428,true
315D9868,Electric Griddle,Home & Kitchen,75.50,583,true
5A129382,Deep Fryer,Home & Kitchen,73.95,625,true
DACBA415,Kayak,Sports & Outdoors,37.14,782,true
78782D6E,Gift Card,Miscellaneous,1.54,562,true
3D508A52,Massage Gun,Health & Personal Care,12.99,863,true
822898D8,Magic Kit,Toys & Games,56.40,866,false
A0857CDA,Soccer Ball,Sports & Outdoors,88.76,864,true
A449EBDE,Swim Goggles,Sports & Outdoors,55.40,988,true
64237599,Gift Card,Miscellaneous,70.60,358,true
C5A0ECB9,Business Book,Books,87.21,61,true
C8113B24,Women's Scarf,Clothing,22.23,59,true
83432E93,Men's Leather Jacket,Clothing,95.57,680,true
1432E492,Children's Book,Books,50.82,42,true
75C62FCB,Fantasy Novel,Books,57.25,497,false
47DE0D27,Women's Handbag,Clothing,34.02,63,true
D7FED740,Organic Honey,Food & Grocery,91.54,793,true
2773ED44,Swim Goggles,Sports & Outdoors,90.36,913,true
D046A543,Women's Summer Dress,Clothing,95.40,217,true
979F29BD,Men's Raincoat,Clothing,91.12,344,true
7174C8CD,Educational Toy,Toys & Games,95.24,549,true
2F4A6445,Goji Berries,Food & Grocery,62.13,412,true
ABAC4E3D,Biography,Books,52.80,217,true
66C571AB,Protein Powder,Health & Personal Care,79.50,458,true
EF80D3EE,Gift Card,Miscellaneous,73.48,896,false
8C13E1C3,Bluetooth Speaker,Electronics,50.92,707,false
2601A17F,Exercise Bike,Sports & Outdoors,32.39,992,true
7371F781,Outdoor Playset,Toys & Games,2.58,850,true
788EE99E,Vitamin C Supplement,Health & Personal Care,94.40,323,true
128B0C22,Nutritional Yeast,Food & Grocery,71.46,693,true
676BE1B8,Dumbbell Set,Sports & Outdoors,83.31,753,true
1D68BF72,Electric Wine Opener,Home & Kitchen,61.33,744,false
4F15D46A,Noise-Cancelling Earbuds,Electronics,25.14,627,false
013BCDC1,Cycling Helmet,Sports & Outdoors,88.14,289,true
7A2AEEFE,Camping Tent,Sports & Outdoors,40.65,388,true
EE0EE3EC,Poetry Collection,Books,29.84,572,false
DBC44F95,Gift Card,Miscellaneous,13.35,806,false
5D8B7267,Gift Card,Miscellaneous,3.93,836,true
49D5B4C3,Dishwasher,Home & Kitchen,58.20,392,false
A5AF32A8,Hand Sanitizer,Health & Personal Care,27.31,850,true
F2B3A4CF,4K TV,Electronics,31.89,108,true
E8875A0F,Food Processor,Home & Kitchen,77.15,581,true
910F9CAB,Fitness Tracker,Electronics,39.65,352,true
6F54A09C,Puzzle Game,Toys & Games,40.18,429,false
5AA71B9E,External Hard Drive,Electronics,60.34,510,true
BC1DD93C,Rice Cooker,Home & Kitchen,43.20,771,false
BD0D7AD5,Gift Card,Miscellaneous,13.57,88,true
74A3D69E,Bee Pollen,Food & Grocery,84.06,668,true
1D333F20,Mystery Novel,Books,70.98,71,true
B589B622,Microwave Oven,Home & Kitchen,15.18,603,true
31639253,Yoga Mat,Sports & Outdoors,91.50,965,true
ECC456FD,Gift Card,Miscellaneous,53.67,965,false
1C32D1D4,Kids' Sneakers,Clothing,52.66,766,false
0B2B6C76,Coconut Water,Food & Grocery,29.49,138,true
135AB3BB,Gift Card,Miscellaneous,42.89,917,false
7C5CBCE5,Gift Card,Miscellaneous,77.77,75,true
B11677F7,Unisex Hoodie,Clothing,71.35,455,true
E29C3FA2,Gift Card,Miscellaneous,83.51,783,true
C7D60D15,Jump Rope,Sports & Outdoors,89.73,591,true
2132BE15,Milk Frother,Home & Kitchen,47.18,216,true
FDAA6FDD,Lip Balm Set,Health & Personal Care,7.85,716,true
CABB2EDF,Unisex Hoodie,Clothing,92.26,997,true
3267CD8F,Tennis Racket,Sports & Outdoors,34.87,630,false
D721A6E0,Fitness Tracker,Electronics,12.92,647,false
2D4C8CD1,Stainless Steel Cookware Set,Home & Kitchen,83.21,463,true
565FB881,Kayak,Sports & Outdoors,13.34,303,false
FDD1EB0D,Cold-Pressed Juice,Food & Grocery,28.10,526,true
C4D78FB4,Turmeric Powder,Food & Grocery,61.65,961,true
C1B2E741,Sleep Mask,Health & Personal Care,4.06,653,true
3D5EEF65,Gift Card,Miscellaneous,25.68,8,true
064CCED7,Acai Powder,Food & Grocery,98.77,499,true
0F516FBC,Golf Clubs,Sports & Outdoors,92.05,35,true
82F0C061,Blender,Home & Kitchen,26.79,82,true
0B5F64B2,Hair Straightener,Health & Personal Care,82.46,405,true
12182251,Microwave Oven,Home & Kitchen,10.53,520,true
0DB63A92,Kids' Hat,Clothing,3.63,189,false
D5BB3754,Gift Card,Miscellaneous,57.81,848,true
C11B2D9E,Classic Literature,Books,61.18,943,true
65C251BB,Gift Card,Miscellaneous,15.67,100,true
063A9CFC,Food Processor,Home & Kitchen,51.39,966,true
15BEE61D,Facial Cleanser,Health & Personal Care,16.64,860,true
4A14FD0A,Treadmill,Sports & Outdoors,39.62,315,false
EAE46B8C,Sunscreen Lotion,Health & Personal Care,18.63,191,true
22796AC9,Historical Fiction,Books,2.56,593,true
7DA3B759,Gift Card,Miscellaneous,20.14,714,true
A1E6E1A1,Gift Card,Miscellaneous,39.58,284,true
018A02EB,Tablet,Electronics,60.56,260,true
9C59D2EC,Men's Raincoat,Clothing,74.80,795,true
B576F9CD,Gift Card,Miscellaneous,38.97,5,true
3AACB57F,Food Processor,Home & Kitchen,13.21,623,true
A3124FC9,Noise-Cancelling Earbuds,Electronics,61.54,648,true
28A52D34,Boxing Gloves,Sports & Outdoors,40.55,593,true
078FCB33,Shampoo & Conditioner,Health & Personal Care,87.36,259,true
4277F76F,Graphic Novel,Books,22.32,521,true
DADC1C84,Shampoo & Conditioner,Health & Personal Care,100.49,135,true
EAAF15DD,Women's Handbag,Clothing,36.57,771,false
310C0685,Hair Straightener,Health & Personal Care,32.22,613,true
A91D934F,Organic Almonds,Food & Grocery,48.63,857,true
3A9E6CA0,Gift Card,Miscellaneous,87.98,565,true
4DBAF7EF,Children's Book,Books,93.96,553,false
1E93B5F7,Gift Card,Miscellaneous,71.18,902,true
E38B7F78,Hiking Backpack,Sports & Outdoors,92.88,781,false
4FD05166,Men's Leather Jacket,Clothing,15.77,911,true
D5BA3FD4,Romance Novel,Books,74.59,216,true
73348A09,Kids' T-Shirt,Clothing,33.14,83,true
9EFD8AA8,Photography Book,Books,31.89,345,true
BF65207B,Gaming Console,Electronics,19.17,216,true
44E93EFF,Popcorn Maker,Home & Kitchen,99.93,177,true
C550DCFC,Electric Razor,Health & Personal Care,100.72,40,true
BEBA938B,Wireless Charger,Electronics,44.70,612,true
F7AE8038,Smartphone,Electronics,41.14,699,true
3C0B21B5,Facial Cleanser,Health & Personal Care,46.37,45,true
903D6413,E-Reader,Electronics,81.37,562,false
6ECE63A7,Gift Card,Miscellaneous,92.78,199,true
23B8EB65,Women's Sneakers,Clothing,5.34,505,false
553B51AB,Poetry Collection,Books,42.61,371,true
8A3ACBB9,Kayak,Sports & Outdoors,98.34,177,true
D7957C03,Bluetooth Speaker,Electronics,75.21,681,true
D32BF91A,Kids' Jeans,Clothing,83.49,679,true
CEEF616D,Jump Rope,Sports & Outdoors,15.14,812,true
861D5F8F,Body Lotion,Health & Personal Care,23.63,158,true
8A3AFE40,Graphic Novel,Books,17.37,25,true
5E178372,Deep Fryer,Home & Kitchen,76.94,978,false
41503BDE,Kids' Sneakers,Clothing,35.00,629,true
A07608C0,Boxing Gloves,Sports & Outdoors,28.91,947,true
05E5D813,Drone,Electronics,40.18,338,true
E31827CE,Kids' Sneakers,Clothing,30.48,762,true
AAFA4488,Fishing Rod,Sports & Outdoors,45.09,665,true
A184C735,Women's Sneakers,Clothing,17.74,960,true
C5D22731,Tablet,Electronics,15.94,585,true
A595AFF2,Women's Scarf,Clothing,84.02,467,true
961C8147,Magic Kit,Toys & Games,72.66,114,true
71F42022,Boxing Gloves,Sports & Outdoors,79.22,105,true
09DE749F,Skateboard,Sports & Outdoors,90.17,376,true
25D9BF05,Self-Improvement Book,Books,63.72,26,true
A59128F7,Gluten-Free Bread,Food & Grocery,33.63,111,false
0F4AF888,Train Set,Toys & Games,9.77,596,true
6B3FE585,Unisex Hoodie,Clothing,18.68,155,true
E36D75F1,Gift Card,Miscellaneous,31.43,366,true
912827C4,Photography Book,Books,6.37,560,false
1B501706,Kids' Sneakers,Clothing,70.23,201,true
CAED4102,Vitamin C Supplement,Health & Personal Care,55.35,811,true
B3FCFB64,Kombucha Drink,Food & Grocery,92.52,298,false
83C4EA26,Sleep Mask,Health & Personal Care,100.81,532,true
B73B5119,Gift Card,Miscellaneous,94.07,339,true
CFF637FA,Fantasy Novel,Books,30.92,392,true
8C91C395,Men's Casual Shirt,Clothing,59.97,498,true
3068F290,Hair Straightener,Health & Personal Care,20.33,820,true
AC073743,Gift Card,Miscellaneous,95.72,73,true
1A9E67D1,Fishing Rod,Sports & Outdoors,67.51,757,true
12AA3EC4,Gift Card,Miscellaneous,57.07,548,true
D4773FA2,Yogurt Maker,Home & Kitchen,64.38,679,true
D0E3E980,Romance Novel,Books,97.38,102,true
349D491A,Exercise Bike,Sports & Outdoors,46.33,553,true
F636AA01,Fishing Rod,Sports & Outdoors,70.47,90,true
0CEE1079,Men's Leather Jacket,Clothing,79.06,157,true
9EE0BFDB,Kids' Jeans,Clothing,98.64,774,true
FF13AE4E,Milk Frother,Home & Kitchen,97.13,209,true
17284A69,Skateboard,Sports & Outdoors,11.13,288,true
39EB931E,Hiking Backpack,Sports & Outdoors,10.31,779,false
142AFCD9,4K TV,Electronics,51.90,358,true
123FB6A5,Children's Book,Books,99.95,153,false
1A848E44,Video Game,Toys & Games,31.94,75,true
077C86CE,Art Book,Books,87.20,472,true
6596E7DF,Swim Goggles,Sports & Outdoors,45.44,912,true
9B78F20F,Pressure Cooker,Home & Kitchen,52.96,262,true
2755486E,Musical Instrument Toy,Toys & Games,32.91,285,true
B5830457,Educational Toy,Toys & Games,47.07,215,true
C3998B90,External Hard Drive,Electronics,14.77,334,false
B6226C97,Skateboard,Sports & Outdoors,70.84,789,true
7AC5C1E2,Gift Card,Miscellaneous,47.57,344,true
8E03D5BF,Kite,Toys & Games,35.04,457,false
B9DC4B2F,Treadmill,Sports & Outdoors,76.28,284,true
50CA1812,Gift Card,Miscellaneous,73.74,493,true
3FCD4257,Spirulina Powder,Food & Grocery,66.65,627,false
4EC1E2C8,Gift Card,Miscellaneous,62.75,400,false
DC3E95B1,Exercise Bike,Sports & Outdoors,83.25,50,true
091C7AB3,Soccer Ball,Sports & Outdoors,58.22,789,true
BD8B65A6,Gift Card,Miscellaneous,41.19,675,false
1085880E,Gift Card,Miscellaneous,99.97,816,true
3BA50D1B,Hair Dryer,Health & Personal Care,93.94,989,true
4670DF1F,Self-Improvement Book,Books,96.32,561,true
7B3C9964,Gift Card,Miscellaneous,34.46,854,true
B6ED7D92,Women's Sneakers,Clothing,37.03,664,true
B6FC565E,Waffle Maker,Home & Kitchen,24.09,631,true
A61FF305,Hand Sanitizer,Health & Personal Care,56.43,335,true
18D03163,Maca Root Powder,Food & Grocery,94.68,650,true
6B6630C5,Dumbbell Set,Sports & Outdoors,85.11,349,false
AB75A477,Coconut Water,Food & Grocery,27.05,910,true
B457AD65,Acai Powder,Food & Grocery,46.84,793,true
47D5E20C,Gift Card,Miscellaneous,21.31,563,false
39667691,Kids' Hat,Clothing,43.86,873,true
2F770CAB,Basketball,Sports & Outdoors,71.47,701,true
2C94D45D,Gift Card,Miscellaneous,55.42,303,true
622DD6A0,Young Adult Novel,Books,36.86,813,true
DE6238EA,Gift Card,Miscellaneous,85.41,458,true
AF984072,Bluetooth Speaker,Electronics,47.76,392,true
CDF067C4,Shampoo & Conditioner,Health & Personal Care,43.43,642,false
201A21B8,Gift Card,Miscellaneous,15.34,855,true
DA281B74,Kombucha Drink,Food & Grocery,28.96,697,true
70B2479D,Science Fiction Book,Books,20.40,233,true
8DBDA6F0,Gift Card,Miscellaneous,23.74,402,true
CA403662,Sunscreen Lotion,Health & Personal Care,93.30,582,false
DF6F6589,Kids' Sneakers,Clothing,78.30,454,true
34BF1260,Magic Kit,Toys & Games,59.61,186,false
FA21BB9A,Bee Pollen,Food & Grocery,74.28,788,true
35239307,Shampoo & Conditioner,Health & Personal Care,31.44,524,true
5333AD90,Almond Milk,Food & Grocery,84.05,183,false
DB26AA16,Cookbook,Books,60.71,659,true
4929107E,Gift Card,Miscellaneous,41.75,243,true
1FBCAB29,Cookbook,Books,13.26,136,true
334E8BAB,Board Game,Toys & Games,10.36,677,false
0E1405A6,Men's Running Shoes,Clothing,51.91,222,true
409AC67C,Fitness Tracker,Electronics,49.14,650,false
EAAC0E51,Acai Powder,Food & Grocery,12.45,158,true
CB319C2E,Microwave Oven,Home & Kitchen,35.70,892,false
3C8B3F73,Herbal Tea Pack,Food & Grocery,58.82,472,true
EC8772B3,Almond Milk,Food & Grocery,19.94,403,true
25432033,Art Book,Books,99.60,470,true
415BF7B3,Outdoor Playset,Toys & Games,18.94,556,true
F7826628,Sunflower Seeds,Food & Grocery,93.38,846,true
AEE870DF,Matcha Green Tea,Food & Grocery,42.22,172,true
17AE508E,Ice Cream Maker,Home & Kitchen,63.32,933,true
2D48488B,Kids' Hat,Clothing,11.59,749,true
CC94B510,Hand Sanitizer,Health & Personal Care,22.28,986,true
6292B1A8,Gift Card,Miscellaneous,19.61,869,true
41F8FE81,Men's Casual Shirt,Clothing,87.84,717,true
94FD56BC,Men's Leather Jacket,Clothing,26.03,552,true
7BBF4251,Action Figure,Toys & Games,5.17,85,true
387185F6,Gift Card,Miscellaneous,3.17,55,true
5BE38B96,Gift Card,Miscellaneous,58.24,658,true
A858A136,Board Game,Toys & Games,62.10,532,true
75E7AA12,Unisex Hoodie,Clothing,21.81,792,true
A066427D,Graphic Novel,Books,39.24,388,true
B4064BCD,Science Fiction Book,Books,22.34,959,true
5CF4779A,Gift Card,Miscellaneous,76.18,789,true
F323ACFC,Running Shoes,Sports & Outdoors,89.24,788,true
C073FAA6,Gift Card,Miscellaneous,13.46,407,true
E517754C,Health & Wellness Book,Books,16.64,761,true
03248A85,Milk Frother,Home & Kitchen,96.81,250,true
C9B2644E,Wireless Charger,Electronics,99.18,71,false
E64C1979,Smartwatch,Electronics,67.54,284,true
8C148E40,Science Book,Books,64.97,439,true
D98AE0E3,Whole Grain Pasta,Food & Grocery,27.63,491,true
6EEA2699,Vitamin C Supplement,Health & Personal Care,47.59,945,false
8439CF4B,Kids' T-Shirt,Clothing,89.57,541,false
D478EE23,Organic Honey,Food & Grocery,81.98,887,false
69A609B3,Gift Card,Miscellaneous,51.61,541,true
E1D1798F,Photography Book,Books,15.27,988,true
AEBDEE57,Maca Root Powder,Food & Grocery,87.18,738,true
1FFDE198,Board Game,Toys & Games,72.22,970,true
F7F63141,Gift Card,Miscellaneous,11.28,124,true
E4C5D701,Gift Card,Miscellaneous,21.81,706,true
1B7DDE86,Tablet,Electronics,58.31,477,true
89CB5EB5,Gift Card,Miscellaneous,42.70,586,true
FB360B71,Stuffed Animal,Toys & Games,93.62,272,true
D97D3562,Smartwatch,Electronics,61.53,550,true
EB0FF7F0,Treadmill,Sports & Outdoors,43.79,360,true
A65240B6,Hair Straightener,Health & Personal Care,29.08,337,false
595FE2F9,Cookbook,Books,53.10,885,true
8E844C25,Gift Card,Miscellaneous,64.20,656,true
1A317F4F,Women's Scarf,Clothing,52.47,525,false
E5E4A708,Body Lotion,Health & Personal Care,89.86,362,true
A316418F,Gift Card,Miscellaneous,74.56,310,true
086163A2,Foam Roller,Health & Personal Care,16.55,421,true
48D1CCCE,Smartphone,Electronics,43.15,505,true
CF47A5FD,Educational Toy,Toys & Games,11.80,256,true
61718736,Hemp Seeds,Food & Grocery,72.80,199,true
7445B655,Bread Maker,Home & Kitchen,36.83,459,true
A0E2AB3B,4K TV,Electronics,85.52,277,true
A5899E6F,External Hard Drive,Electronics,41.83,56,true
73AB9F57,Unisex Hoodie,Clothing,36.83,700,true
C626F5AD,Smartwatch,Electronics,92.22,911,false
0C56198C,Gift Card,Miscellaneous,20.26,569,true
A8B9D9A4,Slime Making Kit,Toys & Games,14.47,190,true
6F52BF1A,Drone,Electronics,31.46,747,true
5438802D,Kayak,Sports & Outdoors,23.18,902,true
8116D4A3,Nutritional Yeast,Food & Grocery,56.88,348,true
195D3615,Wireless Charger,Electronics,98.64,631,true
1CBC6BC3,Women's Summer Dress,Clothing,84.34,69,true
B23143D6,Young Adult Novel,Books,84.32,822,true
7DF5550B,Kids' T-Shirt,Clothing,93.93,585,true
E20E9371,Women's Winter Jacket,Clothing,73.98,480,true
E27EF030,Fishing Rod,Sports & Outdoors,4.77,596,false
47967409,Hemp Seeds,Food & Grocery,21.35,876,true
6ADB7820,Unisex Hoodie,Clothing,96.21,322,true
520E91F8,Noise-Cancelling Earbuds,Electronics,44.63,380,true
26BCC6C5,Sunscreen Lotion,Health & Personal Care,39.86,734,true
7D496B37,Noise-Cancelling Earbuds,Electronics,9.54,427,true
D000842D,Play-Doh Set,Toys & Games,26.46,823,false
DC031C94,Pressure Cooker,Home & Kitchen,43.87,489,true
ABB584E2,Boxing Gloves,Sports & Outdoors,38.31,146,true
404E26D5,Massage Gun,Health & Personal Care,40.11,267,true
0DA9A733,4K TV,Electronics,15.53,943,true
85A1E7AA,Gift Card,Miscellaneous,4.86,501,true
19AAF6AD,Women's Summer Dress,Clothing,70.89,663,false
08E166A9,External Hard Drive,Electronics,51.08,10,true
32492123,Classic Literature,Books,56.41,79,true
D79894DF,Hand Sanitizer,Health & Personal Care,19.52,651,false
1D50FFC2,Classic Literature,Books,67.74,514,false
C0940558,Protein Powder,Health & Personal Care,32.19,73,true
69A4424C,Noise-Cancelling Earbuds,Electronics,20.55,455,false
3685F114,Graphic Novel,Books,52.04,475,true
C72AA0C8,Lip Balm Set,Health & Personal Care,1.08,991,false
4ED4122E,Young Adult Novel,Books,26.86,610,true
F95ED178,Avocado Oil,Food & Grocery,2.09,861,true
F762D185,Women's Scarf,Clothing,13.52,610,true
226D9E68,Golf Clubs,Sports & Outdoors,29.40,229,true
130174B2,Quinoa Pack,Food & Grocery,21.69,338,true
22319C52,Milk Frother,Home & Kitchen,80.23,363,false
285CDFB2,Yoga Mat,Sports & Outdoors,78.78,480,true
C51B6FE9,Facial Mask Set,Health & Personal Care,18.71,353,true
B6FAE398,Finger Paint Set,Toys & Games,89.21,495,true
1FB8D97C,Food Dehydrator,Home & Kitchen,67.94,29,true
87F830AC,Biography,Books,16.77,38,true
A8D27861,Men's Running Shoes,Clothing,49.41,752,false
CF83F744,Sunflower Seeds,Food & Grocery,22.20,731,true
98D3DE2A,Swim Goggles,Sports & Outdoors,6.18,778,true
338DDCB4,Soccer Ball,Sports & Outdoors,60.69,355,true
962EBA13,Hair Dryer,Health & Personal Care,96.60,998,false
B7620ECB,Travel Guide,Books,96.55,354,true
8B783575,Bluetooth Speaker,Electronics,98.46,647,true
D88C07EC,4K TV,Electronics,57.74,691,true
2B4378ED,Young Adult Novel,Books,25.93,494,false
5F0040CD,Fishing Rod,Sports & Outdoors,65.58,170,true
3BEB37AC,Women's Winter Jacket,Clothing,17.54,384,true
A632C879,Nutritional Yeast,Food & Grocery,71.88,635,true
CD1C390A,4K TV,Electronics,22.73,933,true
F5E7254A,Cold-Pressed Juice,Food & Grocery,41.71,37,true
9058C62D,Gift Card,Miscellaneous,98.18,757,true
6C7E1D16,Unisex Hoodie,Clothing,66.70,731,false
3B1380F3,Hiking Backpack,Sports & Outdoors,37.08,16,true
A9877EB1,Golf Clubs,Sports & Outdoors,75.76,550,false
7DB15438,Kombucha Drink,Food & Grocery,3.10,560,false
04B3DD50,Exercise Bike,Sports & Outdoors,66.21,648,true
71E1F055,Noise-Cancelling Earbuds,Electronics,41.66,54,false
0418B7BB,Cold-Pressed Juice,Food & Grocery,38.84,208,true
2ED77D0B,Electric Wine Opener,Home & Kitchen,49.26,928,false
240C0419,Men's Running Shoes,Clothing,7.48,8,false
4F752AFE,Science Book,Books,71.44,593,true
7CCF6650,Travel Guide,Books,74.79,349,true
D2A806B8,Travel Guide,Books,71.21,679,true
C6C6113C,Gift Card,Miscellaneous,44.70,164,true
1EBF1089,Dumbbell Set,Sports & Outdoors,8.85,756,true
A6056EFA,Kayak,Sports & Outdoors,7.35,555,false
94DCF100,Hair Dryer,Health & Personal Care,18.64,148,true
F7C3387B,Foam Roller,Health & Personal Care,53.78,690,false
C56EFB0B,Cacao Nibs,Food & Grocery,39.72,750,false
02D8291D,Noise-Cancelling Earbuds,Electronics,86.15,172,true
600BD117,Popcorn Maker,Home & Kitchen,54.14,415,true
BA40FF13,Yoga Mat,Sports & Outdoors,28.90,440,false
7BBA24D5,Snowboard,Sports & Outdoors,45.02,16,true
7670ED33,Thriller Novel,Books,26.55,680,true
8B173603,Yo-Yo,Toys & Games,5.60,709,true
153D2D11,Mystery Novel,Books,95.33,60,true
07BD58A3,Gift Card,Miscellaneous,80.87,40,true
577F378C,Historical Fiction,Books,20.18,297,true
7DFFFC5F,Men's Leather Jacket,Clothing,34.42,280,true
CEE87846,Organic Almonds,Food & Grocery,86.36,62,true
07C6E70E,Blender,Home & Kitchen,7.49,618,true
5611588A,Outdoor Playset,Toys & Games,100.19,325,true
B4C6E754,Magic Kit,Toys & Games,94.16,952,true
6860F653,Ice Cream Maker,Home & Kitchen,52.92,79,true
EA06BFE5,Hemp Seeds,Food & Grocery,14.57,601,true
34F9AF73,Men's Raincoat,Clothing,72.04,612,true
5D9EE5D5,Smartphone,Electronics,18.28,952,false
9BB86096,Kids' Sneakers,Clothing,71.92,204,true
99844D45,Rollerblades,Sports & Outdoors,46.09,795,true
6062574B,Train Set,Toys & Games,38.40,362,true
124C49E5,Exercise Bike,Sports & Outdoors,4.49,1000,true
0E712028,Electric Wine Opener,Home & Kitchen,72.20,381,true
ACC2B6EE,Stainless Steel Cookware Set,Home & Kitchen,100.51,898,true
24233211,External Hard Drive,Electronics,2.98,178,true
C262EA89,Body Lotion,Health & Personal Care,70.45,893,true
A342F8C1,Rollerblades,Sports & Outdoors,32.85,162,true
7A16CC13,Art & Craft Kit,Toys & Games,66.09,567,true
D09857A6,Tablet,Electronics,27.04,751,true
D4AC6173,Bath Bombs Set,Health & Personal Care,18.77,56,true
4D8AA9A3,Yo-Yo,Toys & Games,98.17,512,true
5EED9477,Building Blocks Set,Toys & Games,27.52,791,true
401898E4,Deep Fryer,Home & Kitchen,54.23,710,true
F34C7101,Remote Control Car,Toys & Games,27.06,137,true
A09754BF,Gift Card,Miscellaneous,77.24,62,true
86EBEF58,Turmeric Powder,Food & Grocery,66.25,612,true
B0300951,Building Blocks Set,Toys & Games,34.47,766,true
0F0D529C,Puzzle Game,Toys & Games,14.24,231,true
48B8ADC8,Travel Guide,Books,86.21,710,true
05C2BF48,Hiking Backpack,Sports & Outdoors,18.24,458,true
FA49086D,Slow Cooker,Home & Kitchen,71.83,502,true
93140D93,Noise-Cancelling Earbuds,Electronics,18.58,288,true
AD1A94BF,Electric Razor,Health & Personal Care,77.27,291,true
77ED716F,Fitness Tracker,Electronics,62.34,804,true
5BDEBF80,Bath Bombs Set,Health & Personal Care,64.02,816,true
24AC5E59,Rollerblades,Sports & Outdoors,18.38,730,true
E9AA4108,Mystery Novel,Books,78.20,252,true
C5FDE613,Gift Card,Miscellaneous,16.79,259,true
3F12D3BC,Jump Rope,Sports & Outdoors,35.12,100,true
DCE8D84D,Smartphone,Electronics,100.40,781,true
37C06FBB,Food Dehydrator,Home & Kitchen,8.70,931,true
203F5E6B,Gift Card,Miscellaneous,73.18,10,true
FD80D761,Gift Card,Miscellaneous,54.67,659,true
3D17D3AB,Remote Control Car,Toys & Games,29.05,495,false
776B39DF,Graphic Novel,Books,83.47,755,true
8E70DC8E,Gift Card,Miscellaneous,31.19,408,false
B64D165C,Gift Card,Miscellaneous,44.88,482,true
1D0025D7,Golf Clubs,Sports & Outdoors,76.81,478,true
03ABF141,Gift Card,Miscellaneous,18.72,194,true
6678CA49,Almond Milk,Food & Grocery,19.03,880,true
A781EE3A,Historical Fiction,Books,67.74,397,true
C13D0949,Spirulina Powder,Food & Grocery,78.03,780,true
DAA7BE8D,Science Fiction Book,Books,37.01,340,true
19E07863,Women's Handbag,Clothing,80.50,450,true
1E848F3E,Cold-Pressed Juice,Food & Grocery,65.71,173,true
4C8280C5,Kids' Sneakers,Clothing,95.51,655,true